{
  "credit": "Made with Blockbench",
  "parent": "builtin/entity",
  "texture_size": [
    64,
    64
  ],
  "display": {
    "thirdperson_righthand": {
      "rotation": [
        0,
        180,
        0
      ],
      "translation": [
        0,
        -0.75,
        1
      ],
      "scale": [
        0.501953125,
        0.501953125,
        0.38
      ]
    },
    "thirdperson_lefthand": {
      "rotation": [
        0,
        180,
        0
      ],
      "translation": [
        0,
        -0.75,
        1
      ],
      "scale": [
        0.501953125,
        0.501953125,
        0.38
      ]
    },
    "firstperson_righthand": {
      "rotation": [
        -180,
        50.5,
        -180
      ],
      "translation": [
        -0.25,
        0.25,
        0.5
      ],
      "scale": [
        0.51953125,
        0.51953125,
        0.359375
      ]
    },
    "firstperson_lefthand": {
      "rotation": [
        -180,
        50.5,
        -180
      ],
      "translation": [
        -0.25,
        0.25,
        0.5
      ],
      "scale": [
        0.51953125,
        0.51953125,
        0.359375
      ]
    },
    "ground": {
      "scale": [
        0.5,
        0.5,
        0.25
      ]
    },
    "gui": {
      "rotation": [
        -180,
        0,
        -180
      ],
      "translation": [
        0,
        -7.25,
        0
      ],
      "scale": [
        0.91,
        0.91,
        0.91
      ]
    },
    "head": {
      "rotation": [
        0,
        0,
        180
      ],
      "translation": [
        0,
        6.75,
        0
      ],
      "scale": [
        0.66796875,
        0.66796875,
        0.5
      ]
    },
    "fixed": {
      "translation": [
        0,
        -8.25,
        0
      ],
      "scale": [
        1,
        1,
        0.5
      ]
    }
  }
}