{
  "credit": "Made with Blockbench",
  "parent": "builtin/entity",
  "texture_size": [
    64,
    64
  ],
  "display": {
    "thirdperson_righthand": {
      "rotation": [
        69,
        0,
        0
      ],
      "translation": [
        0,
        -4.25,
        -6.5
      ],
      "scale": [
        0.45,
        0.45,
        0.45
      ]
    },
    "thirdperson_lefthand": {
      "rotation": [
        69,
        0,
        0
      ],
      "translation": [
        0,
        -4.25,
        -6.5
      ],
      "scale": [
        0.45,
        0.45,
        0.45
      ]
    },
    "firstperson_righthand": {
      "rotation": [
        -180,
        58.5,
        -180
      ],
      "translation": [
        0,
        1.25,
        0
      ],
      "scale": [
        0.595703125,
        0.595703125,
        0.595703125
      ]
    },
    "firstperson_lefthand": {
      "rotation": [
        -180,
        58.5,
        -180
      ],
      "translation": [
        0,
        1.25,
        0
      ],
      "scale": [
        0.595703125,
        0.595703125,
        0.595703125
      ]
    },
    "ground": {
      "rotation": [
        -180,
        58.5,
        -180
      ],
      "translation": [
        0,
        1.25,
        0
      ],
      "scale": [
        0.595703125,
        0.595703125,
        0.595703125
      ]
    },
    "gui": {
      "translation": [
        0,
        -6.75,
        0
      ],
      "scale": [
        0.755859375,
        0.755859375,
        0.755859375
      ]
    },
    "head": {
      "rotation": [
        0,
        0,
        180
      ]
    },
    "fixed": {
      "translation": [
        0,
        -7,
        -8.25
      ]
    }
  }
}